win,lose,probability
Cleveland Cavaliers,New York Knicks,0.915952444839626
Golden State Warriors,San Antonio Spurs,0.5690335597747608
Portland Trail Blazers,Utah Jazz,0.7348922992226515
Boston Celtics,Brooklyn Nets,0.897107818217745
Indiana Pacers,Dallas Mavericks,0.629134124349713
Houston Rockets,Los Angeles Lakers,0.7647289587970555
Memphis Grizzlies,Minnesota Timberwolves,0.6136169299753769
Charlotte Hornets,Milwaukee Bucks,0.7289857841192732
New Orleans Pelicans,Denver Nuggets,0.5178069244925045
Miami Heat,Orlando Magic,0.6398523332443949
Oklahoma City Thunder,Philadelphia 76ers,0.9505048940854617
Sacramento Kings,Phoenix Suns,0.5709497610440936
Toronto Raptors,Detroit Pistons,0.7256934925711522
Atlanta Hawks,Washington Wizards,0.6582741312886647
Boston Celtics,Chicago Bulls,0.5525162891067199
Portland Trail Blazers,Los Angeles Clippers,0.5806230008679587
San Antonio Spurs,Sacramento Kings,0.8740051358457145
Indiana Pacers,Brooklyn Nets,0.8106760724252062
Dallas Mavericks,Houston Rockets,0.5591607233686304
Detroit Pistons,Orlando Magic,0.6750359422349412
Miami Heat,Charlotte Hornets,0.5572035582977316
Golden State Warriors,New Orleans Pelicans,0.9215238418115672
Oklahoma City Thunder,Phoenix Suns,0.9301430129921766
Cleveland Cavaliers,Toronto Raptors,0.5695404824130098
Utah Jazz,Los Angeles Lakers,0.8852266111609715
Indiana Pacers,Chicago Bulls,0.5085065997097765
Charlotte Hornets,Boston Celtics,0.5402384597410771
Cleveland Cavaliers,Orlando Magic,0.8839720103206171
Portland Trail Blazers,Denver Nuggets,0.6774385866487256
Milwaukee Bucks,Brooklyn Nets,0.7334120543081942
New York Knicks,Memphis Grizzlies,0.5174710869907843
Atlanta Hawks,Philadelphia 76ers,0.899997449829378
Sacramento Kings,Minnesota Timberwolves,0.5848727015407561
San Antonio Spurs,New Orleans Pelicans,0.9241503143931858
Detroit Pistons,Milwaukee Bucks,0.7319759585894802
Houston Rockets,Dallas Mavericks,0.5877919664842628
Los Angeles Clippers,Utah Jazz,0.7063258392228624
Washington Wizards,Memphis Grizzlies,0.5349060726513696
San Antonio Spurs,Miami Heat,0.7175758904140849
Oklahoma City Thunder,Los Angeles Lakers,0.9540331436194598
Golden State Warriors,Phoenix Suns,0.943176455524808
Atlanta Hawks,Sacramento Kings,0.7688236348474283
Chicago Bulls,Brooklyn Nets,0.7193211518974045
Los Angeles Clippers,Phoenix Suns,0.8943799955933237
Toronto Raptors,Denver Nuggets,0.840029991962601
Cleveland Cavaliers,Houston Rockets,0.8171608991489095
Detroit Pistons,New York Knicks,0.7482007310958902
Indiana Pacers,Los Angeles Lakers,0.8972794307593684
Miami Heat,Sacramento Kings,0.7842927228086555
Memphis Grizzlies,Minnesota Timberwolves,0.5058763334833516
New Orleans Pelicans,Milwaukee Bucks,0.5578640139095336
Orlando Magic,Philadelphia 76ers,0.771576713659824
Golden State Warriors,Portland Trail Blazers,0.718953646821085
San Antonio Spurs,Utah Jazz,0.8420668404502274
Atlanta Hawks,Los Angeles Lakers,0.9120989734661523
Boston Celtics,Chicago Bulls,0.7035585670669443
Detroit Pistons,Brooklyn Nets,0.7781649064455721
Charlotte Hornets,Philadelphia 76ers,0.941364444915526
Oklahoma City Thunder,Los Angeles Clippers,0.5979741699149961
Memphis Grizzlies,New Orleans Pelicans,0.6610416559258023
Houston Rockets,New York Knicks,0.601763308149827
Portland Trail Blazers,Phoenix Suns,0.7622220934393239
Utah Jazz,Dallas Mavericks,0.599656259467067
Toronto Raptors,Washington Wizards,0.6571836125429537
Cleveland Cavaliers,Boston Celtics,0.7467183626057682
Golden State Warriors,Oklahoma City Thunder,0.6596849746063299
Indiana Pacers,Milwaukee Bucks,0.6905093750663058
Minnesota Timberwolves,Denver Nuggets,0.5348203735325678
Orlando Magic,Sacramento Kings,0.6024016812012474
Charlotte Hornets,Brooklyn Nets,0.8377240285946719
Chicago Bulls,New York Knicks,0.7496136599393167
Portland Trail Blazers,Dallas Mavericks,0.5016472681305233
Golden State Warriors,Los Angeles Lakers,0.9555333702291647
Los Angeles Clippers,Memphis Grizzlies,0.7011437939094167
New Orleans Pelicans,Phoenix Suns,0.6801167574403054
Toronto Raptors,Miami Heat,0.6586602529794287
San Antonio Spurs,Utah Jazz,0.7888989283145815
Atlanta Hawks,Washington Wizards,0.5709984326316471
Atlanta Hawks,Houston Rockets,0.6380366321568816
Detroit Pistons,Denver Nuggets,0.6991873501371577
Indiana Pacers,Chicago Bulls,0.6612237817293686
Milwaukee Bucks,Sacramento Kings,0.517881524061536
Oklahoma City Thunder,Minnesota Timberwolves,0.8755825182351443
Washington Wizards,Orlando Magic,0.5326001562045894
Cleveland Cavaliers,Philadelphia 76ers,0.954491680378116
San Antonio Spurs,Los Angeles Clippers,0.7269953171496828
Boston Celtics,Denver Nuggets,0.77486065647767
Dallas Mavericks,Milwaukee Bucks,0.7397636905072683
Los Angeles Lakers,Phoenix Suns,0.5374327139925943
Portland Trail Blazers,Memphis Grizzlies,0.6160834909208213
Utah Jazz,New York Knicks,0.5848462386811977
Toronto Raptors,Sacramento Kings,0.8385576275663881
Chicago Bulls,Orlando Magic,0.6766820122174351
Charlotte Hornets,Indiana Pacers,0.5837327475291206
Golden State Warriors,New Orleans Pelicans,0.940641199706216
Los Angeles Clippers,Detroit Pistons,0.6830150781156011
Oklahoma City Thunder,Miami Heat,0.7119176670527252
Utah Jazz,Philadelphia 76ers,0.8429684107801374
Washington Wizards,Houston Rockets,0.5400813641012884
Minnesota Timberwolves,Brooklyn Nets,0.6280885805440604
Cleveland Cavaliers,Atlanta Hawks,0.7408965068494279
Dallas Mavericks,Los Angeles Lakers,0.7398039571706096
Memphis Grizzlies,Denver Nuggets,0.6027968807543914
Portland Trail Blazers,Phoenix Suns,0.9070608819807618
Sacramento Kings,New Orleans Pelicans,0.6337195211117455
Atlanta Hawks,Chicago Bulls,0.6986620259379364
Charlotte Hornets,Utah Jazz,0.6564387013233707
Golden State Warriors,Dallas Mavericks,0.8808226343414158
Indiana Pacers,Philadelphia 76ers,0.9304300123380288
Los Angeles Clippers,Portland Trail Blazers,0.637179333668581
New York Knicks,Brooklyn Nets,0.7617789204771653
Oklahoma City Thunder,Toronto Raptors,0.6103193490292209
Orlando Magic,Minnesota Timberwolves,0.6158114691490487
Detroit Pistons,Phoenix Suns,0.7231980088497484
San Antonio Spurs,Houston Rockets,0.8325167287159931
Boston Celtics,Washington Wizards,0.5634985942506039
Golden State Warriors,Denver Nuggets,0.9157864279494676
Miami Heat,Chicago Bulls,0.7170984086804261
Milwaukee Bucks,New Orleans Pelicans,0.5825572214002394
Sacramento Kings,Los Angeles Lakers,0.8060179042702601
Boston Celtics,New York Knicks,0.814809858430019
Toronto Raptors,Charlotte Hornets,0.5582573409517781
Oklahoma City Thunder,Los Angeles Clippers,0.6538384424279737
Utah Jazz,Orlando Magic,0.5372379560794948
Indiana Pacers,Philadelphia 76ers,0.8797252037724439
Portland Trail Blazers,Sacramento Kings,0.8298123806166224
San Antonio Spurs,Detroit Pistons,0.8268899958413747
Cleveland Cavaliers,Washington Wizards,0.7562102769490251
Atlanta Hawks,Philadelphia 76ers,0.9407825446688258
Chicago Bulls,Washington Wizards,0.5729654710094494
Detroit Pistons,Denver Nuggets,0.6312318476997828
San Antonio Spurs,Houston Rockets,0.796974211228956
Boston Celtics,Indiana Pacers,0.5053430065821027
Miami Heat,Utah Jazz,0.6739597762958905
Memphis Grizzlies,Milwaukee Bucks,0.5201243536209903
Los Angeles Clippers,Minnesota Timberwolves,0.7559082159218029
New Orleans Pelicans,Los Angeles Lakers,0.7682040573246287
Phoenix Suns,Brooklyn Nets,0.6580732431379783
Toronto Raptors,New York Knicks,0.8703502622781404
Cleveland Cavaliers,Charlotte Hornets,0.7447904477675085
Golden State Warriors,Phoenix Suns,0.9606534276058996
Minnesota Timberwolves,Los Angeles Lakers,0.7801340036554051
Oklahoma City Thunder,Orlando Magic,0.8573507044726333
Portland Trail Blazers,Denver Nuggets,0.8313484613593234
Oklahoma City Thunder,Detroit Pistons,0.7323998050031462
Houston Rockets,Philadelphia 76ers,0.9183138335500803
Indiana Pacers,Orlando Magic,0.7166764756090989
Los Angeles Clippers,Brooklyn Nets,0.9155034208470006
Boston Celtics,New Orleans Pelicans,0.7291925587282236
Dallas Mavericks,New York Knicks,0.5692971887393163
San Antonio Spurs,Miami Heat,0.7769867903014118
Utah Jazz,Memphis Grizzlies,0.6798168287199147
Cleveland Cavaliers,Toronto Raptors,0.6650299185657119
Los Angeles Lakers,Brooklyn Nets,0.5978444485501767
Miami Heat,Atlanta Hawks,0.5521684295564979
Charlotte Hornets,Minnesota Timberwolves,0.7175717581144041
Portland Trail Blazers,Chicago Bulls,0.7726880494252808
Atlanta Hawks,Milwaukee Bucks,0.7979993372794506
Boston Celtics,Dallas Mavericks,0.6734988634987112
Denver Nuggets,Phoenix Suns,0.6965906661145147
Cleveland Cavaliers,Indiana Pacers,0.7105410056131463
Los Angeles Clippers,Memphis Grizzlies,0.784184191654997
Detroit Pistons,New York Knicks,0.6112674676547925
Oklahoma City Thunder,Houston Rockets,0.7790421943525422
Orlando Magic,New Orleans Pelicans,0.6631147187937678
Washington Wizards,Philadelphia 76ers,0.8404848778985446
San Antonio Spurs,Sacramento Kings,0.8740051358457145
Golden State Warriors,Toronto Raptors,0.7060010180626926
Portland Trail Blazers,Houston Rockets,0.5058332711805248
Miami Heat,Milwaukee Bucks,0.8119935498452698
Minnesota Timberwolves,Philadelphia 76ers,0.8445403231364977
Utah Jazz,Chicago Bulls,0.6328078718619458
Washington Wizards,New York Knicks,0.7411630671374584
Golden State Warriors,Boston Celtics,0.7855871306424876
Charlotte Hornets,Atlanta Hawks,0.5326410170139787
Cleveland Cavaliers,Detroit Pistons,0.8111353100935487
Dallas Mavericks,Memphis Grizzlies,0.6727142632046167
Toronto Raptors,Denver Nuggets,0.7873655833902434
Indiana Pacers,Phoenix Suns,0.8485746637031996
San Antonio Spurs,Los Angeles Lakers,0.9408821015020599
Portland Trail Blazers,New Orleans Pelicans,0.6939883624450056
Oklahoma City Thunder,Brooklyn Nets,0.9445574072957185
Los Angeles Clippers,Sacramento Kings,0.7256141361092737
Boston Celtics,Detroit Pistons,0.5543732717663674
Houston Rockets,Utah Jazz,0.5722725562512554
Los Angeles Clippers,Chicago Bulls,0.7467909973291939
Memphis Grizzlies,Minnesota Timberwolves,0.6136169299753769
Golden State Warriors,Milwaukee Bucks,0.920708957591597
Charlotte Hornets,New Orleans Pelicans,0.7311957773909725
Dallas Mavericks,Orlando Magic,0.5213650840167579
Phoenix Suns,Philadelphia 76ers,0.6039151737729457
Miami Heat,Washington Wizards,0.5485236219168856
Portland Trail Blazers,Brooklyn Nets,0.8114599288383653
Utah Jazz,Denver Nuggets,0.605291350187295
Chicago Bulls,Los Angeles Lakers,0.7119146614801
Atlanta Hawks,New York Knicks,0.7025381574272238
Oklahoma City Thunder,Indiana Pacers,0.7351406861469503
Toronto Raptors,Sacramento Kings,0.7612932671038487
Charlotte Hornets,Memphis Grizzlies,0.7427051817121968
Detroit Pistons,Houston Rockets,0.5492613969958202
Golden State Warriors,Indiana Pacers,0.8166893910603322
Toronto Raptors,Los Angeles Clippers,0.5009876267842459
Orlando Magic,Milwaukee Bucks,0.5074761744953811
Boston Celtics,Minnesota Timberwolves,0.7155065122734707
Miami Heat,Philadelphia 76ers,0.891482817859107
San Antonio Spurs,Dallas Mavericks,0.8503569263011845
Washington Wizards,Phoenix Suns,0.8159979582573499
Atlanta Hawks,New Orleans Pelicans,0.8120527585205833
Chicago Bulls,Denver Nuggets,0.5556676900706883
Oklahoma City Thunder,Los Angeles Lakers,0.9155451513779491
Portland Trail Blazers,New York Knicks,0.6586228870734143
Boston Celtics,Brooklyn Nets,0.8363369995010557
San Antonio Spurs,Charlotte Hornets,0.7332460727016494
Cleveland Cavaliers,Portland Trail Blazers,0.7777986594577367
Los Angeles Clippers,Dallas Mavericks,0.5954114756055483
Miami Heat,Detroit Pistons,0.5393411651448508
Golden State Warriors,Los Angeles Lakers,0.9743966283340808
Toronto Raptors,Houston Rockets,0.6434631408806831
Atlanta Hawks,Indiana Pacers,0.5129784563008645
New Orleans Pelicans,Minnesota Timberwolves,0.5291336827071378
Orlando Magic,Phoenix Suns,0.7520263744181063
Memphis Grizzlies,Philadelphia 76ers,0.7803778527688102
Oklahoma City Thunder,Sacramento Kings,0.8253269429234946
Utah Jazz,Denver Nuggets,0.7142149233286992
San Antonio Spurs,Boston Celtics,0.7307205397476499
Cleveland Cavaliers,Dallas Mavericks,0.8363151880000451
Oklahoma City Thunder,Denver Nuggets,0.8458217236504547
Los Angeles Clippers,Detroit Pistons,0.605026090508603
Indiana Pacers,Brooklyn Nets,0.8776052598299033
Golden State Warriors,Los Angeles Lakers,0.9555333702291647
Miami Heat,Memphis Grizzlies,0.6419848027456903
Toronto Raptors,Milwaukee Bucks,0.7981400692844848
Charlotte Hornets,New York Knicks,0.6982607190646418
Washington Wizards,Orlando Magic,0.5326001562045894
Chicago Bulls,Philadelphia 76ers,0.8140460972811598
Minnesota Timberwolves,Phoenix Suns,0.5571002997888003
Portland Trail Blazers,New Orleans Pelicans,0.8636593020358867
Houston Rockets,Sacramento Kings,0.586216005738917
Atlanta Hawks,Utah Jazz,0.5439851119407747
Charlotte Hornets,New York Knicks,0.8128594560037922
Golden State Warriors,Minnesota Timberwolves,0.9280799835814564
Miami Heat,Memphis Grizzlies,0.7574523588592682
Oklahoma City Thunder,Detroit Pistons,0.7721107131176619
San Antonio Spurs,Washington Wizards,0.8065630811474557
Sacramento Kings,Brooklyn Nets,0.6411481084152382
Dallas Mavericks,New Orleans Pelicans,0.7566330352798508
Los Angeles Clippers,Indiana Pacers,0.5571166298547583
Atlanta Hawks,Los Angeles Lakers,0.8355356726778332
Orlando Magic,Milwaukee Bucks,0.6428230821457873
Cleveland Cavaliers,Philadelphia 76ers,0.954491680378116
Denver Nuggets,Phoenix Suns,0.568273617104632
Portland Trail Blazers,Houston Rockets,0.7210086077940046
Golden State Warriors,Atlanta Hawks,0.8053092480020737
Charlotte Hornets,Memphis Grizzlies,0.6580965476480812
Miami Heat,Boston Celtics,0.5597108330301426
Utah Jazz,Minnesota Timberwolves,0.6073339355805407
Oklahoma City Thunder,New York Knicks,0.834427546756833
Toronto Raptors,Philadelphia 76ers,0.961259171951774
Washington Wizards,Sacramento Kings,0.6890106832688514
Los Angeles Clippers,Brooklyn Nets,0.8628679702472604
Charlotte Hornets,Detroit Pistons,0.6312354794420123
Cleveland Cavaliers,Milwaukee Bucks,0.8648247758031931
New Orleans Pelicans,Los Angeles Lakers,0.7682040573246287
San Antonio Spurs,Orlando Magic,0.8944415105652349
Utah Jazz,Houston Rockets,0.5671419251774311
Boston Celtics,Detroit Pistons,0.6342270133655028
Chicago Bulls,Los Angeles Lakers,0.8784555223367492
San Antonio Spurs,Dallas Mavericks,0.79425127972509
Miami Heat,Denver Nuggets,0.7012080587758835
Minnesota Timberwolves,New York Knicks,0.5951062585610647
Oklahoma City Thunder,Washington Wizards,0.7939421033479421
Atlanta Hawks,Phoenix Suns,0.7969195150548796
Portland Trail Blazers,Indiana Pacers,0.6704541431395782
Toronto Raptors,Memphis Grizzlies,0.8168930117009859
Milwaukee Bucks,Brooklyn Nets,0.6006549108131172
Charlotte Hornets,Dallas Mavericks,0.6706617342076472
Cleveland Cavaliers,Los Angeles Clippers,0.7053884060778735
Golden State Warriors,Houston Rockets,0.8660423435424395
Memphis Grizzlies,Orlando Magic,0.5756039584132184
Miami Heat,Utah Jazz,0.5212815897727878
Atlanta Hawks,Detroit Pistons,0.628789500795753
Boston Celtics,Sacramento Kings,0.7729505967011913
Cleveland Cavaliers,Chicago Bulls,0.7479074492341293
Houston Rockets,Denver Nuggets,0.6219138888475333
Los Angeles Clippers,New Orleans Pelicans,0.7682801103067867
New York Knicks,Minnesota Timberwolves,0.5691381244680968
Orlando Magic,Philadelphia 76ers,0.771576713659824
San Antonio Spurs,Washington Wizards,0.8445302993030517
Toronto Raptors,Los Angeles Lakers,0.9418812779072954
Charlotte Hornets,Minnesota Timberwolves,0.7804857566413211
Dallas Mavericks,Chicago Bulls,0.6252373746513258
Golden State Warriors,Phoenix Suns,0.9606534276058996
Memphis Grizzlies,Los Angeles Lakers,0.824055987870769
Milwaukee Bucks,Brooklyn Nets,0.7334120543081942
Boston Celtics,Philadelphia 76ers,0.8972138472417377
Portland Trail Blazers,Miami Heat,0.6443036370652925
Toronto Raptors,Atlanta Hawks,0.6378653127278404
Utah Jazz,Denver Nuggets,0.7142149233286992
Detroit Pistons,Orlando Magic,0.6750359422349412
Los Angeles Clippers,Indiana Pacers,0.6383610747836707
New York Knicks,Sacramento Kings,0.5552757348062224
Oklahoma City Thunder,New Orleans Pelicans,0.8962880762446775
Oklahoma City Thunder,Atlanta Hawks,0.6542258218550779
Washington Wizards,Brooklyn Nets,0.7551774039346243
Portland Trail Blazers,Chicago Bulls,0.5097850053545323
Charlotte Hornets,Dallas Mavericks,0.5469747965380436
Golden State Warriors,Indiana Pacers,0.8357829189654149
Boston Celtics,Houston Rockets,0.5486040089434363
Utah Jazz,Los Angeles Lakers,0.7518802550851473
San Antonio Spurs,Milwaukee Bucks,0.8958342712687078
Memphis Grizzlies,New Orleans Pelicans,0.5229228939561812
Denver Nuggets,Philadelphia 76ers,0.7511688563398571
Cleveland Cavaliers,Toronto Raptors,0.5695404824130098
Detroit Pistons,Chicago Bulls,0.6158023315992109
Memphis Grizzlies,Philadelphia 76ers,0.8776144738959492
Miami Heat,New York Knicks,0.8245356106762793
San Antonio Spurs,Minnesota Timberwolves,0.8903906625450403
Utah Jazz,Phoenix Suns,0.8318778016091523
Washington Wizards,Orlando Magic,0.6668638586264957
Atlanta Hawks,Miami Heat,0.5526726416833166
Denver Nuggets,Brooklyn Nets,0.6386326901396844
Charlotte Hornets,Detroit Pistons,0.6312354794420123
Dallas Mavericks,Sacramento Kings,0.7052832154462644
Houston Rockets,Los Angeles Lakers,0.8801335958948204
Golden State Warriors,Los Angeles Clippers,0.7467322135251895
Portland Trail Blazers,Milwaukee Bucks,0.6916014874923261
Cleveland Cavaliers,New York Knicks,0.8462518695197252
Boston Celtics,Orlando Magic,0.6537104492333354
Indiana Pacers,Phoenix Suns,0.7612937487501429
San Antonio Spurs,Chicago Bulls,0.7995205018758011
Portland Trail Blazers,Memphis Grizzlies,0.6160834909208213
New Orleans Pelicans,Philadelphia 76ers,0.835367580622059
Toronto Raptors,Minnesota Timberwolves,0.8460382394291069
Golden State Warriors,Utah Jazz,0.8345947481572011
Washington Wizards,Denver Nuggets,0.6913449110008878
Toronto Raptors,Boston Celtics,0.5550803491332289
Charlotte Hornets,Orlando Magic,0.7522615633812162
Cleveland Cavaliers,Miami Heat,0.7580195023142943
Indiana Pacers,Dallas Mavericks,0.5003684398053566
Los Angeles Lakers,Phoenix Suns,0.5374327139925943
Atlanta Hawks,Milwaukee Bucks,0.7329942169643644
Detroit Pistons,Minnesota Timberwolves,0.6332215363101207
Oklahoma City Thunder,Houston Rockets,0.7790421943525422
Sacramento Kings,New York Knicks,0.6325118656171796
Miami Heat,Chicago Bulls,0.5374738043454059
Cleveland Cavaliers,Charlotte Hornets,0.7447904477675085
Houston Rockets,Dallas Mavericks,0.5877919664842628
Indiana Pacers,Portland Trail Blazers,0.5375106190399008
Los Angeles Clippers,New Orleans Pelicans,0.8460615791530743
Golden State Warriors,Memphis Grizzlies,0.8925789793489645
Orlando Magic,Denver Nuggets,0.6050133160596926
San Antonio Spurs,Brooklyn Nets,0.9600303598177249
Utah Jazz,Sacramento Kings,0.7119815972255968
Washington Wizards,Milwaukee Bucks,0.7246517051936283
Detroit Pistons,Philadelphia 76ers,0.9165470092031771
New York Knicks,Los Angeles Lakers,0.5713670967763356
Golden State Warriors,Minnesota Timberwolves,0.9164440313731674
Oklahoma City Thunder,Boston Celtics,0.699317506677323
New Orleans Pelicans,Phoenix Suns,0.5060006815832282
Dallas Mavericks,Denver Nuggets,0.7075471467164314
Houston Rockets,Brooklyn Nets,0.8576962847121631
Charlotte Hornets,Indiana Pacers,0.5078845835897172
Los Angeles Clippers,Portland Trail Blazers,0.637179333668581
Miami Heat,Washington Wizards,0.6780428297308371
Sacramento Kings,Los Angeles Lakers,0.8060179042702601
Toronto Raptors,Milwaukee Bucks,0.8605290630886304
Atlanta Hawks,Orlando Magic,0.7503007916054835
Chicago Bulls,Minnesota Timberwolves,0.7101996565269216
Cleveland Cavaliers,Memphis Grizzlies,0.8786768926795088
Golden State Warriors,New Orleans Pelicans,0.9215238418115672
New York Knicks,Phoenix Suns,0.5073002347994058
Oklahoma City Thunder,Portland Trail Blazers,0.5634188949772679
Brooklyn Nets,Los Angeles Lakers,0.6358751848446246
Dallas Mavericks,Detroit Pistons,0.5493218742747711
Houston Rockets,Sacramento Kings,0.7017906861529571
Cleveland Cavaliers,Memphis Grizzlies,0.8207291441431318
Miami Heat,Indiana Pacers,0.6027176644619553
Los Angeles Clippers,Orlando Magic,0.6991985931383615
Toronto Raptors,Philadelphia 76ers,0.9283781411218792
San Antonio Spurs,Boston Celtics,0.76629836966472
Oklahoma City Thunder,Utah Jazz,0.7179508355273663
Charlotte Hornets,Washington Wizards,0.5659979876751424
Portland Trail Blazers,Denver Nuggets,0.6774385866487256
Golden State Warriors,New York Knicks,0.9403502383147416
Chicago Bulls,Milwaukee Bucks,0.5717976826625348
Indiana Pacers,New Orleans Pelicans,0.6929009492621538
San Antonio Spurs,Phoenix Suns,0.924774250647855
Boston Celtics,Charlotte Hornets,0.5409103229756038
Chicago Bulls,Milwaukee Bucks,0.7334474953489774
Houston Rockets,New Orleans Pelicans,0.7535363759186424
Memphis Grizzlies,Sacramento Kings,0.6001802755808577
Miami Heat,Los Angeles Clippers,0.5079726410060628
Orlando Magic,Brooklyn Nets,0.7950972743487571
Philadelphia 76ers,Los Angeles Lakers,0.5055208245275189
Toronto Raptors,Atlanta Hawks,0.6378653127278404
Utah Jazz,Dallas Mavericks,0.599656259467067
Washington Wizards,Detroit Pistons,0.5301744829208991
Atlanta Hawks,Charlotte Hornets,0.5351024404543255
Cleveland Cavaliers,Los Angeles Lakers,0.9633821315828643
Denver Nuggets,New York Knicks,0.5971664733982646
Indiana Pacers,Detroit Pistons,0.5103843740243494
Golden State Warriors,Portland Trail Blazers,0.8350796333825292
Houston Rockets,Minnesota Timberwolves,0.6239238995748837
Oklahoma City Thunder,Phoenix Suns,0.9301430129921766
Dallas Mavericks,Sacramento Kings,0.7052832154462644
Utah Jazz,Memphis Grizzlies,0.5395407733416204
Miami Heat,Boston Celtics,0.5597108330301426
Toronto Raptors,Orlando Magic,0.7370679506250696
Brooklyn Nets,Philadelphia 76ers,0.5437193786240109
San Antonio Spurs,New Orleans Pelicans,0.9241503143931858
Los Angeles Clippers,Washington Wizards,0.6138366888686495
Chicago Bulls,Detroit Pistons,0.5412498421548798
Dallas Mavericks,Denver Nuggets,0.5899711905479774
Indiana Pacers,Washington Wizards,0.618557614136275
Minnesota Timberwolves,Phoenix Suns,0.6947790422576898
Oklahoma City Thunder,Atlanta Hawks,0.692854267496719
Charlotte Hornets,Los Angeles Lakers,0.9129366485495796
Golden State Warriors,Utah Jazz,0.8739701786247558
San Antonio Spurs,Houston Rockets,0.796974211228956
Los Angeles Clippers,Denver Nuggets,0.8104953986502842
Boston Celtics,Memphis Grizzlies,0.6558050033629794
Miami Heat,Orlando Magic,0.7666331097094738
Cleveland Cavaliers,Milwaukee Bucks,0.8648247758031931
Indiana Pacers,New York Knicks,0.6574718295039854
New Orleans Pelicans,Philadelphia 76ers,0.7014157825637257
Portland Trail Blazers,Sacramento Kings,0.6439821041174757
Toronto Raptors,Brooklyn Nets,0.9300841012588534
Atlanta Hawks,Minnesota Timberwolves,0.7786826498350469
Chicago Bulls,Washington Wizards,0.5729654710094494
Cleveland Cavaliers,Milwaukee Bucks,0.9092254052864883
Detroit Pistons,Memphis Grizzlies,0.6638318403771739
Oklahoma City Thunder,New Orleans Pelicans,0.8555740517576411
Houston Rockets,Phoenix Suns,0.7151552203503193
Portland Trail Blazers,Dallas Mavericks,0.7471186362619016
Utah Jazz,Sacramento Kings,0.7119815972255968
Golden State Warriors,Brooklyn Nets,0.9570544056199178
Boston Celtics,Indiana Pacers,0.5053430065821027
San Antonio Spurs,Los Angeles Clippers,0.6858983337549505
Miami Heat,Los Angeles Lakers,0.9189910216983387
New York Knicks,Orlando Magic,0.5301002605998226
Oklahoma City Thunder,Boston Celtics,0.6489210369969818
Charlotte Hornets,Chicago Bulls,0.7008666282307964
Cleveland Cavaliers,Brooklyn Nets,0.9557442214189751
Atlanta Hawks,Denver Nuggets,0.7199625319832677
Golden State Warriors,Detroit Pistons,0.8443635797645083
Los Angeles Clippers,Dallas Mavericks,0.7193665244253109
Houston Rockets,Memphis Grizzlies,0.5569053013860462
Washington Wizards,Milwaukee Bucks,0.6164510072902567
Minnesota Timberwolves,Sacramento Kings,0.5321035547399079
Miami Heat,New Orleans Pelicans,0.7170476664372181
Orlando Magic,Los Angeles Lakers,0.8253953993313198
Phoenix Suns,Philadelphia 76ers,0.7821240974256043
San Antonio Spurs,Portland Trail Blazers,0.6545343189038086
Toronto Raptors,Utah Jazz,0.6321005909486086
Golden State Warriors,Cleveland Cavaliers,0.5966480592718304
Los Angeles Clippers,Los Angeles Lakers,0.858504257041406
Boston Celtics,New York Knicks,0.6961140638197754
Oklahoma City Thunder,Minnesota Timberwolves,0.8755825182351443
San Antonio Spurs,Chicago Bulls,0.8673411743634519
Charlotte Hornets,Brooklyn Nets,0.8377240285946719
Indiana Pacers,Chicago Bulls,0.5085065997097765
Cleveland Cavaliers,Detroit Pistons,0.7493214724001589
Houston Rockets,Phoenix Suns,0.8248857594139938
Los Angeles Clippers,Denver Nuggets,0.8104953986502842
Atlanta Hawks,Minnesota Timberwolves,0.7216845575069197
Dallas Mavericks,New Orleans Pelicans,0.6084146133572681
Orlando Magic,Memphis Grizzlies,0.5654681391054152
Portland Trail Blazers,Toronto Raptors,0.5344531850759565
Sacramento Kings,Philadelphia 76ers,0.8641621744189825
Washington Wizards,Milwaukee Bucks,0.7246517051936283
Boston Celtics,Memphis Grizzlies,0.7451575132915337
Dallas Mavericks,Houston Rockets,0.5591607233686304
Utah Jazz,Los Angeles Lakers,0.7518802550851473
Oklahoma City Thunder,Miami Heat,0.6337845738015568
Atlanta Hawks,New York Knicks,0.8112579627640348
Chicago Bulls,Brooklyn Nets,0.8557555788500577
Denver Nuggets,Minnesota Timberwolves,0.5482180819928161
Detroit Pistons,Milwaukee Bucks,0.7319759585894802
Golden State Warriors,Toronto Raptors,0.7417283977101823
Los Angeles Clippers,New Orleans Pelicans,0.7682801103067867
Charlotte Hornets,Orlando Magic,0.6560086238562414
Portland Trail Blazers,Sacramento Kings,0.8298123806166224
San Antonio Spurs,Phoenix Suns,0.9494233423957193
Indiana Pacers,Washington Wizards,0.5196299418793527
Charlotte Hornets,Miami Heat,0.5552654302641429
Cleveland Cavaliers,Boston Celtics,0.7467183626057682
Dallas Mavericks,Los Angeles Lakers,0.7398039571706096
Oklahoma City Thunder,Memphis Grizzlies,0.8073887039487604
Toronto Raptors,Phoenix Suns,0.849667281568853
Utah Jazz,Philadelphia 76ers,0.9219285047423267
Atlanta Hawks,Detroit Pistons,0.628789500795753
Boston Celtics,Miami Heat,0.5584421517971905
Denver Nuggets,Philadelphia 76ers,0.8456605083612748
Golden State Warriors,Dallas Mavericks,0.8808226343414158
Los Angeles Clippers,Houston Rockets,0.5994387729569769
Indiana Pacers,Chicago Bulls,0.6612237817293686
Minnesota Timberwolves,Milwaukee Bucks,0.5746251696459134
New Orleans Pelicans,New York Knicks,0.5785602412454245
San Antonio Spurs,Portland Trail Blazers,0.7956335731792242
Washington Wizards,Brooklyn Nets,0.8501712854101198
Chicago Bulls,Milwaukee Bucks,0.7334474953489774
Cleveland Cavaliers,Charlotte Hornets,0.6715794789693127
Houston Rockets,New York Knicks,0.7525695237660244
Oklahoma City Thunder,Los Angeles Clippers,0.6538384424279737
Sacramento Kings,Memphis Grizzlies,0.5335460852282609
Utah Jazz,Phoenix Suns,0.8318778016091523
San Antonio Spurs,Atlanta Hawks,0.7352935192343071
Indiana Pacers,Orlando Magic,0.7166764756090989
Toronto Raptors,Los Angeles Lakers,0.8797666135998123
Miami Heat,Detroit Pistons,0.6493553069549463
Portland Trail Blazers,Minnesota Timberwolves,0.6793056267875803
Utah Jazz,Brooklyn Nets,0.758607651549915
Charlotte Hornets,Chicago Bulls,0.555028909757586
Cleveland Cavaliers,New Orleans Pelicans,0.916351828222153
Golden State Warriors,Denver Nuggets,0.9249894979343408
Houston Rockets,Washington Wizards,0.5768294753028285
Los Angeles Clippers,Phoenix Suns,0.8943799955933237
Oklahoma City Thunder,Milwaukee Bucks,0.8541827164291653
New York Knicks,Orlando Magic,0.5301002605998226
Boston Celtics,Utah Jazz,0.659336119427658
Dallas Mavericks,Washington Wizards,0.5809115479110782
Denver Nuggets,Sacramento Kings,0.5342334431323773
Indiana Pacers,Detroit Pistons,0.5103843740243494
Memphis Grizzlies,Los Angeles Lakers,0.6673120427222123
Minnesota Timberwolves,Philadelphia 76ers,0.7425848315986447
Miami Heat,Phoenix Suns,0.7817566385261667
San Antonio Spurs,Toronto Raptors,0.6882887520006576
Oklahoma City Thunder,Charlotte Hornets,0.6518482300348223
Cleveland Cavaliers,Chicago Bulls,0.8546206849974445
Golden State Warriors,Portland Trail Blazers,0.8350796333825292
Los Angeles Clippers,Memphis Grizzlies,0.784184191654997
New York Knicks,Milwaukee Bucks,0.5972852818188656
Atlanta Hawks,Orlando Magic,0.6605938852215647
Miami Heat,Sacramento Kings,0.6690124142549045
Dallas Mavericks,Phoenix Suns,0.8272914252103933
San Antonio Spurs,Denver Nuggets,0.8895527250357176
Charlotte Hornets,Detroit Pistons,0.5568838278442394
Oklahoma City Thunder,Houston Rockets,0.727803690974437
Indiana Pacers,Brooklyn Nets,0.8776052598299033
Atlanta Hawks,New Orleans Pelicans,0.7351833974253565
Portland Trail Blazers,Los Angeles Lakers,0.9383213411145711
Toronto Raptors,Utah Jazz,0.7470281580566601
Boston Celtics,Philadelphia 76ers,0.9420709979092933
Cleveland Cavaliers,Brooklyn Nets,0.9246911671438078
Golden State Warriors,Memphis Grizzlies,0.9128658873189865
Miami Heat,Los Angeles Lakers,0.8226142664840994
Milwaukee Bucks,New York Knicks,0.5812923331489501
Houston Rockets,Orlando Magic,0.5546176394798246
Los Angeles Clippers,Sacramento Kings,0.7256141361092737
Washington Wizards,Minnesota Timberwolves,0.7009495143391468
Boston Celtics,New Orleans Pelicans,0.8155930969901731
Toronto Raptors,Chicago Bulls,0.6470821612313683
Atlanta Hawks,Dallas Mavericks,0.5520209436907207
Indiana Pacers,New York Knicks,0.7834732473067886
Utah Jazz,Minnesota Timberwolves,0.6073339355805407
Oklahoma City Thunder,Denver Nuggets,0.8705508073329494
San Antonio Spurs,Charlotte Hornets,0.7644724837306118
Brooklyn Nets,Philadelphia 76ers,0.7277950547871568
Los Angeles Clippers,Miami Heat,0.6111409438753268
Orlando Magic,Los Angeles Lakers,0.6559773547869245
Utah Jazz,Memphis Grizzlies,0.5395407733416204
Washington Wizards,Milwaukee Bucks,0.6164510072902567
Cleveland Cavaliers,Phoenix Suns,0.9014320793066738
Portland Trail Blazers,Detroit Pistons,0.7129274559038483
Golden State Warriors,Sacramento Kings,0.9035312580106307
Toronto Raptors,Houston Rockets,0.7335495879964608
Oklahoma City Thunder,Chicago Bulls,0.7309246062433088
Dallas Mavericks,Minnesota Timberwolves,0.5920396221981445
New York Knicks,New Orleans Pelicans,0.6186291386123729
Atlanta Hawks,Brooklyn Nets,0.8404761119498835
Golden State Warriors,Miami Heat,0.8192141802812627
Charlotte Hornets,Houston Rockets,0.5511207500908288
Portland Trail Blazers,Los Angeles Lakers,0.805828467396078
Detroit Pistons,Sacramento Kings,0.5958420081956985
San Antonio Spurs,Milwaukee Bucks,0.9176285623101634
Toronto Raptors,Boston Celtics,0.6448926188721713
Cleveland Cavaliers,Utah Jazz,0.7354561597291782
Washington Wizards,Chicago Bulls,0.6070078683828349
Boston Celtics,Washington Wizards,0.6635108734039353
Los Angeles Clippers,Orlando Magic,0.7926301201300103
Houston Rockets,Minnesota Timberwolves,0.6239238995748837
Oklahoma City Thunder,Memphis Grizzlies,0.8510454009057432
New York Knicks,Philadelphia 76ers,0.7025035047794066
Cleveland Cavaliers,Portland Trail Blazers,0.584970903581302
New Orleans Pelicans,Brooklyn Nets,0.5789897074864001
Indiana Pacers,Denver Nuggets,0.6763197929662139
Golden State Warriors,Detroit Pistons,0.8613543552298344
Chicago Bulls,New York Knicks,0.5346284010812428
Dallas Mavericks,Phoenix Suns,0.687127010769883
San Antonio Spurs,Los Angeles Lakers,0.9669541210182129
Atlanta Hawks,Boston Celtics,0.537631014463305
Houston Rockets,Memphis Grizzlies,0.6690169030502859
Miami Heat,Milwaukee Bucks,0.7147667287860362
Oklahoma City Thunder,Minnesota Timberwolves,0.8469343490307714
Charlotte Hornets,Philadelphia 76ers,0.8981477819201824
Portland Trail Blazers,Orlando Magic,0.8150003508956889
Cleveland Cavaliers,Sacramento Kings,0.8376747517799784
Toronto Raptors,Brooklyn Nets,0.9300841012588534
Utah Jazz,Detroit Pistons,0.5573401889910703
Chicago Bulls,New Orleans Pelicans,0.7505882344306499
Los Angeles Clippers,Los Angeles Lakers,0.9295745623724477
San Antonio Spurs,Phoenix Suns,0.924774250647855
Utah Jazz,Orlando Magic,0.6907363701453965
Washington Wizards,Philadelphia 76ers,0.9136716484172163
Atlanta Hawks,Milwaukee Bucks,0.7979993372794506
Houston Rockets,Brooklyn Nets,0.7712139867085996
Dallas Mavericks,Minnesota Timberwolves,0.7168540642828275
Detroit Pistons,Los Angeles Lakers,0.771818610217208
Memphis Grizzlies,Chicago Bulls,0.5113656068457001
Oklahoma City Thunder,Sacramento Kings,0.8253269429234946
Toronto Raptors,New York Knicks,0.8703502622781404
Boston Celtics,Charlotte Hornets,0.5409103229756038
Denver Nuggets,Orlando Magic,0.5089202546158117
Golden State Warriors,Cleveland Cavaliers,0.6396225825886398
Indiana Pacers,New Orleans Pelicans,0.7843539438721975
Oklahoma City Thunder,Los Angeles Clippers,0.5979741699149961
Milwaukee Bucks,Philadelphia 76ers,0.8369041645775332
Atlanta Hawks,New York Knicks,0.7025381574272238
Utah Jazz,Phoenix Suns,0.7006589232312033
Portland Trail Blazers,Washington Wizards,0.5209066739958255
Toronto Raptors,Brooklyn Nets,0.8835635326666307
Chicago Bulls,Dallas Mavericks,0.5839558638770338
Denver Nuggets,Los Angeles Lakers,0.6301916426276954
Miami Heat,Houston Rockets,0.6583684748128764
San Antonio Spurs,Minnesota Timberwolves,0.9084390638874932
Boston Celtics,New York Knicks,0.814809858430019
Charlotte Hornets,Portland Trail Blazers,0.5824892479168792
Atlanta Hawks,Detroit Pistons,0.5619080034460648
Golden State Warriors,Oklahoma City Thunder,0.6596849746063299
Houston Rockets,Milwaukee Bucks,0.7365271263152502
Orlando Magic,New Orleans Pelicans,0.5102790265009127
Toronto Raptors,Philadelphia 76ers,0.9283781411218792
Indiana Pacers,Sacramento Kings,0.6428084533071574
Washington Wizards,Memphis Grizzlies,0.6555217835058011
Cleveland Cavaliers,Phoenix Suns,0.9440660325128135
Los Angeles Clippers,Minnesota Timberwolves,0.8173717592068538
Miami Heat,Dallas Mavericks,0.6878024295003767
Washington Wizards,New York Knicks,0.5803128376447916
San Antonio Spurs,Denver Nuggets,0.9045913496898668
Atlanta Hawks,Chicago Bulls,0.6986620259379364
Toronto Raptors,Charlotte Hornets,0.5582573409517781
Dallas Mavericks,Utah Jazz,0.5763663032975099
Golden State Warriors,Houston Rockets,0.8412737206938397
Indiana Pacers,Los Angeles Lakers,0.8050268236581697
Memphis Grizzlies,Sacramento Kings,0.6001802755808577
New Orleans Pelicans,Brooklyn Nets,0.7312135842028381
Orlando Magic,Milwaukee Bucks,0.6428230821457873
Portland Trail Blazers,Philadelphia 76ers,0.8802654008044859
Atlanta Hawks,Philadelphia 76ers,0.9407825446688258
Boston Celtics,Portland Trail Blazers,0.5856166313582781
Chicago Bulls,Sacramento Kings,0.6984712564037087
Charlotte Hornets,Brooklyn Nets,0.8959134469865554
San Antonio Spurs,Cleveland Cavaliers,0.5228020179901685
Los Angeles Clippers,Denver Nuggets,0.754325858669003
Detroit Pistons,Washington Wizards,0.5711260274132447
Houston Rockets,Memphis Grizzlies,0.5569053013860462
Miami Heat,Milwaukee Bucks,0.8119935498452698
New York Knicks,Phoenix Suns,0.7142217098544192
Utah Jazz,Indiana Pacers,0.5077417125125757
Dallas Mavericks,Los Angeles Lakers,0.8818889578738051
Minnesota Timberwolves,Denver Nuggets,0.5348203735325678
Golden State Warriors,Orlando Magic,0.891687310757217
Toronto Raptors,Phoenix Suns,0.9122563736617614
Los Angeles Clippers,Atlanta Hawks,0.5143176019777979
San Antonio Spurs,Brooklyn Nets,0.9428743397882536
Charlotte Hornets,Washington Wizards,0.6606306864402196
Detroit Pistons,Sacramento Kings,0.6968864279665485
Indiana Pacers,New York Knicks,0.7834732473067886
Golden State Warriors,Miami Heat,0.7742934789778172
Houston Rockets,Milwaukee Bucks,0.6372091396596056
Cleveland Cavaliers,New Orleans Pelicans,0.8661304824850338
Oklahoma City Thunder,Utah Jazz,0.7179508355273663
Utah Jazz,Denver Nuggets,0.605291350187295
Orlando Magic,Chicago Bulls,0.5136806265632161
Los Angeles Clippers,Philadelphia 76ers,0.9148806241280527
Minnesota Timberwolves,Phoenix Suns,0.5571002997888003
San Antonio Spurs,Toronto Raptors,0.6400989898206836
Boston Celtics,Washington Wizards,0.5634985942506039
Boston Celtics,Houston Rockets,0.6434155068981369
Miami Heat,Brooklyn Nets,0.8278628919379325
Atlanta Hawks,Chicago Bulls,0.5600575018302507
Golden State Warriors,Charlotte Hornets,0.7877475495808788
Cleveland Cavaliers,Sacramento Kings,0.8939801743654956
Dallas Mavericks,New York Knicks,0.7556743921985722
Toronto Raptors,Memphis Grizzlies,0.7388597236550654
Milwaukee Bucks,Philadelphia 76ers,0.8369041645775332
Oklahoma City Thunder,New Orleans Pelicans,0.8555740517576411
Portland Trail Blazers,Los Angeles Lakers,0.9383213411145711
Denver Nuggets,Phoenix Suns,0.6965906661145147
Indiana Pacers,Minnesota Timberwolves,0.6781902326302651
Oklahoma City Thunder,Dallas Mavericks,0.8012183996764642
Utah Jazz,Los Angeles Lakers,0.8852266111609715
Atlanta Hawks,Washington Wizards,0.6582741312886647
Boston Celtics,Orlando Magic,0.7546528999427154
Miami Heat,Chicago Bulls,0.5374738043454059
Cleveland Cavaliers,Brooklyn Nets,0.9557442214189751
Indiana Pacers,Sacramento Kings,0.7368186811743098
San Antonio Spurs,New Orleans Pelicans,0.8968761628831033
Charlotte Hornets,New York Knicks,0.6982607190646418
Houston Rockets,Philadelphia 76ers,0.8520284815622008
Portland Trail Blazers,Memphis Grizzlies,0.8072439659971037
Toronto Raptors,Milwaukee Bucks,0.8605290630886304
Charlotte Hornets,Sacramento Kings,0.7706834100398602
Golden State Warriors,Los Angeles Clippers,0.7759591184853434
Miami Heat,Detroit Pistons,0.6493553069549463
Boston Celtics,Milwaukee Bucks,0.7269722455842367
Minnesota Timberwolves,Brooklyn Nets,0.7444139284987804
Denver Nuggets,Phoenix Suns,0.568273617104632
Utah Jazz,Memphis Grizzlies,0.6798168287199147
Atlanta Hawks,New York Knicks,0.8112579627640348
Chicago Bulls,Philadelphia 76ers,0.9171199323544933
Cleveland Cavaliers,Oklahoma City Thunder,0.5726594817086764
Indiana Pacers,Houston Rockets,0.5974065461949954
Washington Wizards,New Orleans Pelicans,0.6190991798423668
Golden State Warriors,Portland Trail Blazers,0.718953646821085
San Antonio Spurs,Dallas Mavericks,0.8503569263011845
Toronto Raptors,Orlando Magic,0.8243456119106781
Boston Celtics,Detroit Pistons,0.6342270133655028
Cleveland Cavaliers,Dallas Mavericks,0.7417199014801631
Miami Heat,Brooklyn Nets,0.9030258662845625
Minnesota Timberwolves,Orlando Magic,0.5067814794066424
Sacramento Kings,Philadelphia 76ers,0.7532036488709147
Memphis Grizzlies,Phoenix Suns,0.6077405880009887
Houston Rockets,Sacramento Kings,0.7017906861529571
Denver Nuggets,Los Angeles Lakers,0.6301916426276954
Portland Trail Blazers,Charlotte Hornets,0.6279094168558227
San Antonio Spurs,Oklahoma City Thunder,0.5984595038045241
Toronto Raptors,New Orleans Pelicans,0.8709358075038963
Washington Wizards,New York Knicks,0.7411630671374584
Toronto Raptors,Boston Celtics,0.5550803491332289
New York Knicks,Brooklyn Nets,0.5802565289248154
Cleveland Cavaliers,Minnesota Timberwolves,0.8992014144655582
Dallas Mavericks,Philadelphia 76ers,0.9195611723901355
Memphis Grizzlies,Denver Nuggets,0.5037372285550579
Detroit Pistons,New Orleans Pelicans,0.7491789649648646
Golden State Warriors,Charlotte Hornets,0.8084853869169103
Miami Heat,Atlanta Hawks,0.5521684295564979
Oklahoma City Thunder,Chicago Bulls,0.8226164049008805
Indiana Pacers,Orlando Magic,0.6126763431179922
Los Angeles Clippers,Phoenix Suns,0.8241460540725651
Utah Jazz,Milwaukee Bucks,0.7459606703012869
Atlanta Hawks,Houston Rockets,0.5561581897680862
Golden State Warriors,Los Angeles Clippers,0.7467322135251895
San Antonio Spurs,Philadelphia 76ers,0.9781660390033072
Washington Wizards,Los Angeles Lakers,0.8736202526863904
Boston Celtics,Los Angeles Lakers,0.9139544428051554
Indiana Pacers,Brooklyn Nets,0.8106760724252062
Denver Nuggets,Milwaukee Bucks,0.5767154735046215
Detroit Pistons,Minnesota Timberwolves,0.7086507590116521
Houston Rockets,Chicago Bulls,0.6213055954179723
Oklahoma City Thunder,Memphis Grizzlies,0.8510454009057432
Toronto Raptors,Orlando Magic,0.7370679506250696
Portland Trail Blazers,Dallas Mavericks,0.7471186362619016
Sacramento Kings,Phoenix Suns,0.7271976050258419
Atlanta Hawks,Orlando Magic,0.7503007916054835
Indiana Pacers,Detroit Pistons,0.5877920279971018
Miami Heat,Philadelphia 76ers,0.9455598373711736
Memphis Grizzlies,Minnesota Timberwolves,0.5058763334833516
Cleveland Cavaliers,New York Knicks,0.8462518695197252
Milwaukee Bucks,Phoenix Suns,0.528362298026738
Golden State Warriors,Sacramento Kings,0.9035312580106307
San Antonio Spurs,Denver Nuggets,0.9045913496898668
Charlotte Hornets,Utah Jazz,0.5389240520878803
Washington Wizards,New Orleans Pelicans,0.7421592200003079
Los Angeles Clippers,Boston Celtics,0.5084790016012385
Toronto Raptors,Brooklyn Nets,0.8835635326666307
Oklahoma City Thunder,Portland Trail Blazers,0.7341434874676305
Atlanta Hawks,Utah Jazz,0.654068279847814
Dallas Mavericks,Denver Nuggets,0.5899711905479774
Detroit Pistons,Philadelphia 76ers,0.9165470092031771
Oklahoma City Thunder,Indiana Pacers,0.6920772757344915
San Antonio Spurs,Memphis Grizzlies,0.8602192957123141
Miami Heat,Minnesota Timberwolves,0.7029978356710198
New Orleans Pelicans,Phoenix Suns,0.6801167574403054
New York Knicks,Los Angeles Lakers,0.7957380285757183
Chicago Bulls,Sacramento Kings,0.5185570452475728
Toronto Raptors,Los Angeles Clippers,0.5959379967790824
Cleveland Cavaliers,Washington Wizards,0.7562102769490251
Charlotte Hornets,Brooklyn Nets,0.8959134469865554
Portland Trail Blazers,Dallas Mavericks,0.5016472681305233
Houston Rockets,Orlando Magic,0.6801314625528445
Atlanta Hawks,Denver Nuggets,0.7707581160828062
Washington Wizards,Brooklyn Nets,0.7551774039346243
Detroit Pistons,Los Angeles Lakers,0.8776509805520247
Golden State Warriors,Chicago Bulls,0.8947769423904981
Cleveland Cavaliers,Indiana Pacers,0.7105410056131463
Memphis Grizzlies,Phoenix Suns,0.7502944106148485
Miami Heat,Milwaukee Bucks,0.7147667287860362
Toronto Raptors,Minnesota Timberwolves,0.7887947194718835
Utah Jazz,New Orleans Pelicans,0.6234854460041858
Los Angeles Clippers,New York Knicks,0.7382623176336514
San Antonio Spurs,Philadelphia 76ers,0.9657461154049962
Boston Celtics,Sacramento Kings,0.6823055914821935
Charlotte Hornets,Houston Rockets,0.640456520240204
Dallas Mavericks,Utah Jazz,0.5763663032975099
Cleveland Cavaliers,Oklahoma City Thunder,0.508146822741248
Orlando Magic,Philadelphia 76ers,0.8786062229837585
Portland Trail Blazers,Boston Celtics,0.6302819793372006
Miami Heat,Brooklyn Nets,0.8278628919379325
San Antonio Spurs,Detroit Pistons,0.800722157842344
Golden State Warriors,Memphis Grizzlies,0.8925789793489645
Milwaukee Bucks,Los Angeles Lakers,0.7701950596307494
Minnesota Timberwolves,New Orleans Pelicans,0.5963583932724617
New York Knicks,Denver Nuggets,0.5579697775759545
Chicago Bulls,Phoenix Suns,0.6562152792896068
Atlanta Hawks,Sacramento Kings,0.6888911332412777
Indiana Pacers,Washington Wizards,0.5196299418793527
Los Angeles Clippers,Charlotte Hornets,0.5116960247445936
Cleveland Cavaliers,Denver Nuggets,0.8950103662753465
Dallas Mavericks,Orlando Magic,0.6837633522496089
Houston Rockets,Phoenix Suns,0.8248857594139938
Indiana Pacers,Milwaukee Bucks,0.7688190169506425
Golden State Warriors,Oklahoma City Thunder,0.6521841912142625
Miami Heat,Philadelphia 76ers,0.891482817859107
Boston Celtics,Utah Jazz,0.5363964517375079
Chicago Bulls,Minnesota Timberwolves,0.5577794592190595
San Antonio Spurs,New York Knicks,0.8809354445748137
Sacramento Kings,New Orleans Pelicans,0.6337195211117455
Toronto Raptors,Detroit Pistons,0.7256934925711522
Memphis Grizzlies,Brooklyn Nets,0.6753423009578081
Charlotte Hornets,Philadelphia 76ers,0.941364444915526
Boston Celtics,Dallas Mavericks,0.5444540242312592
Golden State Warriors,Denver Nuggets,0.9157864279494676
San Antonio Spurs,Indiana Pacers,0.7674254011552366
Miami Heat,Orlando Magic,0.7666331097094738
Detroit Pistons,Milwaukee Bucks,0.6463644904454834
New Orleans Pelicans,Phoenix Suns,0.5060006815832282
Portland Trail Blazers,Atlanta Hawks,0.6231345049418033
Los Angeles Clippers,Utah Jazz,0.5875724675883093
Oklahoma City Thunder,Washington Wizards,0.7395920222337873
Toronto Raptors,Chicago Bulls,0.6470821612313683
Sacramento Kings,Los Angeles Lakers,0.6327320275335011
Cleveland Cavaliers,Minnesota Timberwolves,0.8580174790768382
Boston Celtics,Philadelphia 76ers,0.9420709979092933
Milwaukee Bucks,Brooklyn Nets,0.6006549108131172
Cleveland Cavaliers,Indiana Pacers,0.7786814759748335
Denver Nuggets,Minnesota Timberwolves,0.5482180819928161
Detroit Pistons,Dallas Mavericks,0.5821292348858041
Golden State Warriors,Sacramento Kings,0.9242285669174496
Miami Heat,Houston Rockets,0.5335410401676246
Los Angeles Clippers,Atlanta Hawks,0.5892563584417244
Memphis Grizzlies,New Orleans Pelicans,0.6610416559258023
Oklahoma City Thunder,New York Knicks,0.8958037899297536
San Antonio Spurs,Orlando Magic,0.8591014206449595
Phoenix Suns,Los Angeles Lakers,0.7010135846933683
Toronto Raptors,Charlotte Hornets,0.642560644011355
Utah Jazz,Portland Trail Blazers,0.5064631370319731
Boston Celtics,Chicago Bulls,0.5525162891067199
Indiana Pacers,Washington Wizards,0.618557614136275
Cleveland Cavaliers,New York Knicks,0.915952444839626
Charlotte Hornets,Detroit Pistons,0.5568838278442394
Golden State Warriors,Los Angeles Clippers,0.7759591184853434
Houston Rockets,New Orleans Pelicans,0.6397977354508908
Portland Trail Blazers,Orlando Magic,0.6138895313329279
Sacramento Kings,Denver Nuggets,0.5738067916689007
Atlanta Hawks,Miami Heat,0.5526726416833166
Chicago Bulls,Phoenix Suns,0.8225901462439227
Denver Nuggets,Brooklyn Nets,0.7460386335479469
Indiana Pacers,Memphis Grizzlies,0.7062833719862079
San Antonio Spurs,Los Angeles Clippers,0.6858983337549505
Utah Jazz,Milwaukee Bucks,0.6208490926158985
Dallas Mavericks,Minnesota Timberwolves,0.5920396221981445
Oklahoma City Thunder,Los Angeles Lakers,0.9540331436194598
Washington Wizards,Philadelphia 76ers,0.8404848778985446
Toronto Raptors,Boston Celtics,0.6448926188721713
Cleveland Cavaliers,Chicago Bulls,0.8546206849974445
Dallas Mavericks,New Orleans Pelicans,0.7566330352798508
Golden State Warriors,Brooklyn Nets,0.9689821980730322
Houston Rockets,Minnesota Timberwolves,0.7134429429644051
Miami Heat,Indiana Pacers,0.6027176644619553
New York Knicks,Philadelphia 76ers,0.8564146861087277
Atlanta Hawks,Orlando Magic,0.6605938852215647
Charlotte Hornets,Sacramento Kings,0.6845055812146001
Memphis Grizzlies,Denver Nuggets,0.5037372285550579
Boston Celtics,Detroit Pistons,0.5543732717663674
Los Angeles Clippers,Charlotte Hornets,0.5941809654174846
San Antonio Spurs,Los Angeles Lakers,0.9408821015020599
Milwaukee Bucks,Phoenix Suns,0.6825517198418843
Oklahoma City Thunder,New Orleans Pelicans,0.8962880762446775
Toronto Raptors,Portland Trail Blazers,0.6831663151956502
Washington Wizards,Utah Jazz,0.5574422276706498
Boston Celtics,Atlanta Hawks,0.5358442552481932
Cleveland Cavaliers,Milwaukee Bucks,0.9092254052864883
Miami Heat,Dallas Mavericks,0.5293713721557943
Indiana Pacers,Houston Rockets,0.5045545756551261
Toronto Raptors,New York Knicks,0.7728117165761679
Golden State Warriors,Philadelphia 76ers,0.9744029437391725
Sacramento Kings,Minnesota Timberwolves,0.5848727015407561
Chicago Bulls,Denver Nuggets,0.7007653139040088
Portland Trail Blazers,Detroit Pistons,0.5116625859438897
Charlotte Hornets,Los Angeles Lakers,0.8327153217235174
Memphis Grizzlies,Phoenix Suns,0.7502944106148485
Oklahoma City Thunder,Utah Jazz,0.7908755509004152
Golden State Warriors,Washington Wizards,0.8491663094208803
Atlanta Hawks,Dallas Mavericks,0.6683398646884218
Cleveland Cavaliers,Boston Celtics,0.6687338746509655
Los Angeles Clippers,Houston Rockets,0.6915739872531179
Miami Heat,Philadelphia 76ers,0.9455598373711736
Milwaukee Bucks,Denver Nuggets,0.5206065231693561
Detroit Pistons,New Orleans Pelicans,0.6489237524128835
Orlando Magic,New York Knicks,0.6619522820434944
Sacramento Kings,Brooklyn Nets,0.773280914424084
San Antonio Spurs,Indiana Pacers,0.7964640732506222
Toronto Raptors,Washington Wizards,0.7505348677152288
Utah Jazz,Minnesota Timberwolves,0.7233926023035863
Golden State Warriors,Chicago Bulls,0.8433736080864548
Charlotte Hornets,Phoenix Suns,0.7936005320608543
Oklahoma City Thunder,Portland Trail Blazers,0.5634188949772679
Cleveland Cavaliers,Atlanta Hawks,0.673889735124376
Dallas Mavericks,Memphis Grizzlies,0.6727142632046167
Boston Celtics,Los Angeles Lakers,0.8312941030405503
Los Angeles Clippers,Milwaukee Bucks,0.766277551761699
San Antonio Spurs,New Orleans Pelicans,0.8968761628831033
Miami Heat,Orlando Magic,0.6398523332443949
New York Knicks,Philadelphia 76ers,0.7025035047794066
Oklahoma City Thunder,Phoenix Suns,0.8933165143677744
Utah Jazz,Brooklyn Nets,0.8635948900944694
Toronto Raptors,Washington Wizards,0.6571836125429537
Los Angeles Clippers,Chicago Bulls,0.6032291146867385
Charlotte Hornets,Denver Nuggets,0.7158343053173556
Houston Rockets,Memphis Grizzlies,0.6690169030502859
Cleveland Cavaliers,Miami Heat,0.6539961593090773
Toronto Raptors,Milwaukee Bucks,0.7981400692844848
Detroit Pistons,Philadelphia 76ers,0.8569794447541199
Portland Trail Blazers,Brooklyn Nets,0.9258584352410704
San Antonio Spurs,Minnesota Timberwolves,0.9084390638874932
Atlanta Hawks,Indiana Pacers,0.5811807414137407
Oklahoma City Thunder,Dallas Mavericks,0.7244737810049684
New Orleans Pelicans,Los Angeles Lakers,0.5700933236791678
Golden State Warriors,New York Knicks,0.9090065753456684
Boston Celtics,Phoenix Suns,0.7919300360946246
Utah Jazz,Sacramento Kings,0.5691113975348825
Washington Wizards,Orlando Magic,0.6668638586264957
Golden State Warriors,Atlanta Hawks,0.7894967681476383
Charlotte Hornets,Indiana Pacers,0.5837327475291206
Cleveland Cavaliers,Miami Heat,0.7580195023142943
Denver Nuggets,Sacramento Kings,0.5342334431323773
Detroit Pistons,Chicago Bulls,0.6158023315992109
Los Angeles Clippers,Boston Celtics,0.5966304341807201
Memphis Grizzlies,Brooklyn Nets,0.7935835666845075
Orlando Magic,New York Knicks,0.6619522820434944
Milwaukee Bucks,Philadelphia 76ers,0.7198295016680936
San Antonio Spurs,Houston Rockets,0.8325167287159931
Utah Jazz,New Orleans Pelicans,0.7625572437763254
Dallas Mavericks,Los Angeles Lakers,0.8818889578738051
Oklahoma City Thunder,Portland Trail Blazers,0.7341434874676305
Washington Wizards,Phoenix Suns,0.6967344031421041
Atlanta Hawks,Brooklyn Nets,0.8949308343436168
Washington Wizards,Denver Nuggets,0.6008288279798082
Golden State Warriors,Boston Celtics,0.8100548475684366
Houston Rockets,Utah Jazz,0.5722725562512554
Indiana Pacers,Detroit Pistons,0.5877920279971018
Miami Heat,Charlotte Hornets,0.5572035582977316
Milwaukee Bucks,New York Knicks,0.5812923331489501
Los Angeles Clippers,Minnesota Timberwolves,0.7559082159218029
Toronto Raptors,New Orleans Pelicans,0.7999409014017829
Orlando Magic,Chicago Bulls,0.5136806265632161
San Antonio Spurs,Sacramento Kings,0.9036450483562829
Cleveland Cavaliers,Detroit Pistons,0.7493214724001589
Los Angeles Clippers,Memphis Grizzlies,0.7011437939094167
San Antonio Spurs,Oklahoma City Thunder,0.5813718244011445
Phoenix Suns,Los Angeles Lakers,0.7010135846933683
Portland Trail Blazers,Philadelphia 76ers,0.9588343095401403
Toronto Raptors,Atlanta Hawks,0.5608434809201557
Chicago Bulls,Houston Rockets,0.5511209132540641
Charlotte Hornets,Orlando Magic,0.7522615633812162
Dallas Mavericks,Brooklyn Nets,0.859727858234344
Boston Celtics,Denver Nuggets,0.7137614224520172
Indiana Pacers,Milwaukee Bucks,0.6905093750663058
Golden State Warriors,Minnesota Timberwolves,0.9164440313731674
Washington Wizards,Sacramento Kings,0.5645341101655417
Charlotte Hornets,New Orleans Pelicans,0.8136490569650073
Dallas Mavericks,Phoenix Suns,0.8272914252103933
Detroit Pistons,New York Knicks,0.7482007310958902
Los Angeles Clippers,Philadelphia 76ers,0.9528503439557039
Atlanta Hawks,Memphis Grizzlies,0.6626682891520778
Toronto Raptors,Miami Heat,0.5387736567491834
Milwaukee Bucks,Minnesota Timberwolves,0.531926965051082
Oklahoma City Thunder,Utah Jazz,0.7908755509004152
Cleveland Cavaliers,Orlando Magic,0.8193617711513534
Portland Trail Blazers,Washington Wizards,0.7385083498861089
Sacramento Kings,Denver Nuggets,0.5738067916689007
Golden State Warriors,San Antonio Spurs,0.5708151161890632
Boston Celtics,Chicago Bulls,0.7035585670669443
New York Knicks,Brooklyn Nets,0.5802565289248154
Cleveland Cavaliers,Houston Rockets,0.7449147688488875
Indiana Pacers,Miami Heat,0.5098220139832381
Los Angeles Lakers,Philadelphia 76ers,0.7349452762206464
Portland Trail Blazers,Phoenix Suns,0.7622220934393239
Charlotte Hornets,Chicago Bulls,0.7008666282307964
Denver Nuggets,Los Angeles Lakers,0.7815982619155553
Memphis Grizzlies,Milwaukee Bucks,0.6406928111969356
Washington Wizards,Minnesota Timberwolves,0.602879355541892
Sacramento Kings,Orlando Magic,0.546123553312298
San Antonio Spurs,Atlanta Hawks,0.7607823934581953
Toronto Raptors,Dallas Mavericks,0.7588784445753952
Los Angeles Clippers,Utah Jazz,0.5875724675883093
Oklahoma City Thunder,Brooklyn Nets,0.9183171035894031
Cleveland Cavaliers,Detroit Pistons,0.8111353100935487
Golden State Warriors,Philadelphia 76ers,0.983127488317122
Portland Trail Blazers,New Orleans Pelicans,0.6939883624450056
Indiana Pacers,New York Knicks,0.6574718295039854
Boston Celtics,Minnesota Timberwolves,0.7826833577755395
Chicago Bulls,Memphis Grizzlies,0.6655065412211634
Detroit Pistons,Utah Jazz,0.5665538416831458
Houston Rockets,Los Angeles Lakers,0.8801335958948204
Charlotte Hornets,Indiana Pacers,0.5078845835897172
Los Angeles Clippers,Milwaukee Bucks,0.8340313751179654
Miami Heat,New Orleans Pelicans,0.8252865354013338
Sacramento Kings,Phoenix Suns,0.5709497610440936
San Antonio Spurs,Portland Trail Blazers,0.7956335731792242
Washington Wizards,Dallas Mavericks,0.573098326844878
Atlanta Hawks,Memphis Grizzlies,0.7406948458864959
Cleveland Cavaliers,Utah Jazz,0.8274050913467771
Los Angeles Clippers,Denver Nuggets,0.754325858669003
Golden State Warriors,Orlando Magic,0.9168101077652056
New York Knicks,Brooklyn Nets,0.7617789204771653
Oklahoma City Thunder,Toronto Raptors,0.5478065970478844
Boston Celtics,Brooklyn Nets,0.8363369995010557
Toronto Raptors,Detroit Pistons,0.6487961588536564
Milwaukee Bucks,Los Angeles Lakers,0.591893644778864
Miami Heat,Minnesota Timberwolves,0.7936690737200507
Houston Rockets,New Orleans Pelicans,0.6397977354508908
Dallas Mavericks,Philadelphia 76ers,0.834348743852011
Orlando Magic,Phoenix Suns,0.595606245306853
Washington Wizards,Chicago Bulls,0.6070078683828349
Atlanta Hawks,Portland Trail Blazers,0.5799351043097709
Chicago Bulls,Utah Jazz,0.5683980759678888
Charlotte Hornets,Washington Wizards,0.6606306864402196
Houston Rockets,Denver Nuggets,0.6219138888475333
Golden State Warriors,Milwaukee Bucks,0.935438319235527
Cleveland Cavaliers,Los Angeles Clippers,0.6189739566841079
San Antonio Spurs,Memphis Grizzlies,0.8602192957123141
Oklahoma City Thunder,Sacramento Kings,0.8693156545721477
Dallas Mavericks,Brooklyn Nets,0.7467484977949395
Detroit Pistons,Phoenix Suns,0.8214909580474584
Cleveland Cavaliers,Los Angeles Lakers,0.9221171770471234
Miami Heat,Portland Trail Blazers,0.6014921604956036
New Orleans Pelicans,Minnesota Timberwolves,0.5291336827071378
Boston Celtics,Philadelphia 76ers,0.8972138472417377
San Antonio Spurs,Sacramento Kings,0.9036450483562829
Toronto Raptors,Indiana Pacers,0.6842724915262209
Boston Celtics,Washington Wizards,0.6635108734039353
Charlotte Hornets,Atlanta Hawks,0.5326410170139787
Houston Rockets,Denver Nuggets,0.704070189024713
Indiana Pacers,Utah Jazz,0.6141494676870207
Los Angeles Clippers,New York Knicks,0.8453832175460283
Golden State Warriors,Oklahoma City Thunder,0.6521841912142625
Orlando Magic,Philadelphia 76ers,0.8786062229837585
Detroit Pistons,Brooklyn Nets,0.7781649064455721
Golden State Warriors,Dallas Mavericks,0.8390249183652375
Los Angeles Clippers,Los Angeles Lakers,0.858504257041406
Miami Heat,Phoenix Suns,0.879194763491657
San Antonio Spurs,Minnesota Timberwolves,0.8903906625450403
Memphis Grizzlies,New Orleans Pelicans,0.5229228939561812
Portland Trail Blazers,Milwaukee Bucks,0.8527650236241551
Toronto Raptors,Chicago Bulls,0.7836031984459396
Boston Celtics,Indiana Pacers,0.5868574229754298
Chicago Bulls,Detroit Pistons,0.5412498421548798
Cleveland Cavaliers,Denver Nuggets,0.8569718111098521
Oklahoma City Thunder,Philadelphia 76ers,0.9694906144871286
Charlotte Hornets,Orlando Magic,0.6560086238562414
Sacramento Kings,Milwaukee Bucks,0.6126914624661026
Utah Jazz,New York Knicks,0.7616145844078788
Atlanta Hawks,Washington Wizards,0.5709984326316471
Brooklyn Nets,Phoenix Suns,0.5283734945211602
Los Angeles Clippers,Dallas Mavericks,0.5954114756055483
Toronto Raptors,Miami Heat,0.5387736567491834
Portland Trail Blazers,New York Knicks,0.8630459355596147
San Antonio Spurs,Memphis Grizzlies,0.8895644938183809
Boston Celtics,Phoenix Suns,0.8720284737403665
Chicago Bulls,Philadelphia 76ers,0.9171199323544933
Cleveland Cavaliers,Charlotte Hornets,0.6715794789693127
Golden State Warriors,Sacramento Kings,0.9242285669174496
Houston Rockets,New Orleans Pelicans,0.7535363759186424
Indiana Pacers,Denver Nuggets,0.7389300366713744
Minnesota Timberwolves,Los Angeles Lakers,0.6195479627029284
Atlanta Hawks,Milwaukee Bucks,0.7329942169643644
Detroit Pistons,Orlando Magic,0.5644325472623128
Washington Wizards,Brooklyn Nets,0.8501712854101198
Cleveland Cavaliers,Washington Wizards,0.8300510896286579
Toronto Raptors,Dallas Mavericks,0.6396123594538102
Los Angeles Clippers,Utah Jazz,0.7063258392228624
Portland Trail Blazers,Minnesota Timberwolves,0.837619745332448
San Antonio Spurs,New York Knicks,0.9237850685058061
Atlanta Hawks,Brooklyn Nets,0.8949308343436168
Boston Celtics,Miami Heat,0.5584421517971905
Charlotte Hornets,Phoenix Suns,0.8705849782831978
Denver Nuggets,New Orleans Pelicans,0.5984165362510654
Golden State Warriors,Memphis Grizzlies,0.9128658873189865
Oklahoma City Thunder,Houston Rockets,0.727803690974437
Indiana Pacers,Philadelphia 76ers,0.9304300123380288
Los Angeles Clippers,Sacramento Kings,0.8088130664984012
Portland Trail Blazers,Los Angeles Lakers,0.805828467396078
Chicago Bulls,Milwaukee Bucks,0.5717976826625348
Oklahoma City Thunder,Dallas Mavericks,0.7244737810049684
Detroit Pistons,New York Knicks,0.6112674676547925
Sacramento Kings,Memphis Grizzlies,0.5335460852282609
San Antonio Spurs,Cleveland Cavaliers,0.5771015619197498
Toronto Raptors,Orlando Magic,0.8243456119106781
Utah Jazz,New Orleans Pelicans,0.7625572437763254
Atlanta Hawks,Phoenix Suns,0.8693981124382715
Brooklyn Nets,Philadelphia 76ers,0.7277950547871568
Charlotte Hornets,Milwaukee Bucks,0.7996855526874052
Miami Heat,Detroit Pistons,0.5393411651448508
Golden State Warriors,Houston Rockets,0.8412737206938397
Indiana Pacers,Minnesota Timberwolves,0.7475945119170438
Washington Wizards,Los Angeles Lakers,0.7483861172479278
Portland Trail Blazers,Denver Nuggets,0.8313484613593234
Boston Celtics,Milwaukee Bucks,0.8017397670656705
Los Angeles Clippers,Washington Wizards,0.7101778688979591
Indiana Pacers,Memphis Grizzlies,0.6148728715612459
Dallas Mavericks,New Orleans Pelicans,0.6084146133572681
Miami Heat,New York Knicks,0.6831303413588765
Oklahoma City Thunder,Orlando Magic,0.8059436367850701
Atlanta Hawks,Philadelphia 76ers,0.899997449829378
Utah Jazz,Sacramento Kings,0.5691113975348825
Golden State Warriors,San Antonio Spurs,0.5708151161890632
Toronto Raptors,Charlotte Hornets,0.642560644011355
Cleveland Cavaliers,Chicago Bulls,0.7479074492341293
Detroit Pistons,Brooklyn Nets,0.854825610686913
Minnesota Timberwolves,Los Angeles Lakers,0.7801340036554051
Los Angeles Clippers,Phoenix Suns,0.8241460540725651
Portland Trail Blazers,Houston Rockets,0.7210086077940046
Boston Celtics,Orlando Magic,0.7546528999427154
Charlotte Hornets,Denver Nuggets,0.77260693160252
Cleveland Cavaliers,Philadelphia 76ers,0.9757756050041391
Golden State Warriors,Houston Rockets,0.8660423435424395
Dallas Mavericks,Memphis Grizzlies,0.5236768572666388
Miami Heat,New York Knicks,0.8245356106762793
Detroit Pistons,Milwaukee Bucks,0.6463644904454834
New Orleans Pelicans,Sacramento Kings,0.5150808345101292
San Antonio Spurs,Oklahoma City Thunder,0.5813718244011445
Toronto Raptors,Indiana Pacers,0.6842724915262209
Utah Jazz,Washington Wizards,0.5887885563862081
Orlando Magic,Brooklyn Nets,0.6641435064118333
Atlanta Hawks,Chicago Bulls,0.5600575018302507
Los Angeles Clippers,Los Angeles Lakers,0.9295745623724477
Minnesota Timberwolves,Sacramento Kings,0.5321035547399079
Portland Trail Blazers,Phoenix Suns,0.9070608819807618
Atlanta Hawks,Brooklyn Nets,0.8404761119498835
Cleveland Cavaliers,Indiana Pacers,0.7786814759748335
Golden State Warriors,Washington Wizards,0.8760092798282759
Memphis Grizzlies,Los Angeles Lakers,0.6673120427222123
Miami Heat,Denver Nuggets,0.7861337670793218
Dallas Mavericks,Milwaukee Bucks,0.6057394632862914
Chicago Bulls,New Orleans Pelicans,0.5745413757425004
Boston Celtics,New York Knicks,0.6961140638197754
Oklahoma City Thunder,Charlotte Hornets,0.6971751091472765
Houston Rockets,Phoenix Suns,0.7151552203503193
San Antonio Spurs,Utah Jazz,0.8420668404502274
Toronto Raptors,Philadelphia 76ers,0.961259171951774
Cleveland Cavaliers,Orlando Magic,0.8839720103206171
Golden State Warriors,Minnesota Timberwolves,0.9280799835814564
Toronto Raptors,Indiana Pacers,0.6027096162556126
New Orleans Pelicans,Denver Nuggets,0.5178069244925045
Chicago Bulls,New York Knicks,0.5346284010812428
Oklahoma City Thunder,Milwaukee Bucks,0.8876618700981384
Brooklyn Nets,Philadelphia 76ers,0.5437193786240109
Dallas Mavericks,Sacramento Kings,0.5534230187042193
San Antonio Spurs,Memphis Grizzlies,0.8895644938183809
Utah Jazz,Portland Trail Blazers,0.5064631370319731
Charlotte Hornets,Washington Wizards,0.5659979876751424
Cleveland Cavaliers,Boston Celtics,0.6687338746509655
Charlotte Hornets,Miami Heat,0.5552654302641429
Toronto Raptors,Detroit Pistons,0.6487961588536564
Houston Rockets,Denver Nuggets,0.704070189024713
Los Angeles Clippers,Dallas Mavericks,0.7193665244253109
Oklahoma City Thunder,Memphis Grizzlies,0.8073887039487604
Golden State Warriors,Phoenix Suns,0.943176455524808
San Antonio Spurs,Los Angeles Lakers,0.9669541210182129
Atlanta Hawks,Boston Celtics,0.537631014463305
Indiana Pacers,Milwaukee Bucks,0.7688190169506425
Washington Wizards,New York Knicks,0.5803128376447916
Orlando Magic,Brooklyn Nets,0.7950972743487571
Chicago Bulls,Philadelphia 76ers,0.8140460972811598
Portland Trail Blazers,Minnesota Timberwolves,0.837619745332448
Cleveland Cavaliers,Atlanta Hawks,0.7408965068494279
San Antonio Spurs,Dallas Mavericks,0.79425127972509
Denver Nuggets,New Orleans Pelicans,0.5984165362510654
Houston Rockets,Detroit Pistons,0.5451730177188628
Sacramento Kings,Los Angeles Lakers,0.6327320275335011
Memphis Grizzlies,New York Knicks,0.6598757349938998
Oklahoma City Thunder,Phoenix Suns,0.8933165143677744
Toronto Raptors,Miami Heat,0.6586602529794287
Utah Jazz,Minnesota Timberwolves,0.7233926023035863
Chicago Bulls,Brooklyn Nets,0.7193211518974045
Charlotte Hornets,Boston Celtics,0.5402384597410771
Golden State Warriors,New Orleans Pelicans,0.940641199706216
Indiana Pacers,Orlando Magic,0.6126763431179922
Milwaukee Bucks,Philadelphia 76ers,0.7198295016680936
Portland Trail Blazers,Utah Jazz,0.7348922992226515
San Antonio Spurs,Los Angeles Clippers,0.7269953171496828
Miami Heat,Washington Wizards,0.5485236219168856
Cleveland Cavaliers,Atlanta Hawks,0.673889735124376
Oklahoma City Thunder,Denver Nuggets,0.8458217236504547
Minnesota Timberwolves,Los Angeles Lakers,0.6195479627029284
Detroit Pistons,Memphis Grizzlies,0.5667091808782447
Toronto Raptors,New York Knicks,0.7728117165761679
Dallas Mavericks,Phoenix Suns,0.687127010769883
Houston Rockets,Sacramento Kings,0.586216005738917
Boston Celtics,Brooklyn Nets,0.897107818217745
Chicago Bulls,Orlando Magic,0.6766820122174351
Detroit Pistons,Washington Wizards,0.5711260274132447
Golden State Warriors,Utah Jazz,0.8739701786247558
Los Angeles Clippers,Houston Rockets,0.6915739872531179
Cleveland Cavaliers,Miami Heat,0.6539961593090773
Charlotte Hornets,Milwaukee Bucks,0.7289857841192732
Indiana Pacers,Philadelphia 76ers,0.8797252037724439
San Antonio Spurs,Portland Trail Blazers,0.6545343189038086
Atlanta Hawks,Charlotte Hornets,0.5351024404543255
Dallas Mavericks,Denver Nuggets,0.7075471467164314
New Orleans Pelicans,Los Angeles Lakers,0.5700933236791678
Oklahoma City Thunder,Minnesota Timberwolves,0.8469343490307714
Sacramento Kings,Phoenix Suns,0.7271976050258419
Boston Celtics,Milwaukee Bucks,0.8017397670656705
Chicago Bulls,Brooklyn Nets,0.8557555788500577
Cleveland Cavaliers,Toronto Raptors,0.6650299185657119
Golden State Warriors,Los Angeles Lakers,0.9743966283340808
Houston Rockets,Minnesota Timberwolves,0.7134429429644051
Atlanta Hawks,Indiana Pacers,0.5129784563008645
Los Angeles Clippers,Sacramento Kings,0.8088130664984012
Dallas Mavericks,Memphis Grizzlies,0.5236768572666388
Miami Heat,Washington Wizards,0.6780428297308371
New York Knicks,Philadelphia 76ers,0.8564146861087277
Oklahoma City Thunder,Denver Nuggets,0.8705508073329494
Detroit Pistons,Orlando Magic,0.5644325472623128
Portland Trail Blazers,New Orleans Pelicans,0.8636593020358867
San Antonio Spurs,Utah Jazz,0.7888989283145815
